{"cameraMode":{"drawMode":0,"name":"Shaded","section":"Shading Mode"},"sceneLighting":true,"audioPlay":false,"sceneViewState":{"showFog":true,"showMaterialUpdate":false,"showSkybox":true,"showFlares":true,"showImageEffects":true,"showParticleSystems":true},"in2DMode":false,"pivot":{"x":-8.27748966217041,"y":-4.034037113189697,"z":18.591976165771486},"rotation":{"x":0.08948991447687149,"y":-0.1473691612482071,"z":0.013391373679041863,"w":0.9849436283111572},"size":32.75463104248047,"orthographic":false}